{
    "gov_report": {
        "Rouge1": 0.5033564767329107,
        "Rouge2": 0.19736144897441354,
        "RougeL": 0.24106540584967157,
        "Rouge_geo": 0.2882422410980881
    },
    "summ_screen_fd": {
        "Rouge1": 0.2812030765589213,
        "Rouge2": 0.06493639148831784,
        "RougeL": 0.15182302438175801,
        "Rouge_geo": 0.140480254668954
    },
    "qmsum": {
        "Rouge1": 0.2917756891999239,
        "Rouge2": 0.07103595917143365,
        "RougeL": 0.1812073412050912,
        "Rouge_geo": 0.15544176308199933
    },
    "qasper": {
        "f1_score": 0.1334366150946235
    },
    "narrative_qa": {
        "f1_score": 0.13337171398877387
    },
    "quality": {
        "EM_score": 0.0
    }
}