{
    "gov_report": {
        "Rouge1": 0.29253410818675907,
        "Rouge2": 0.11123065852046823,
        "RougeL": 0.1680124416227172,
        "Rouge_geo": 0.176162779475057
    },
    "summ_screen_fd": {
        "Rouge1": 0.20390850780714914,
        "Rouge2": 0.022770274202804933,
        "RougeL": 0.1260570449081771,
        "Rouge_geo": 0.08364825965064508
    },
    "qmsum": {
        "Rouge1": 0.21774637169837147,
        "Rouge2": 0.06718468851600276,
        "RougeL": 0.16131685202015994,
        "Rouge_geo": 0.1331374775718997
    },
    "qasper": {
        "f1_score": 0.03323072669007164
    },
    "narrative_qa": {
        "f1_score": 0.052151532677848465
    },
    "quality": {
        "EM_score": 0.0
    }
}