{
    "gov_report": {
        "Rouge1": 0.5154442202766039,
        "Rouge2": 0.19706915364590857,
        "RougeL": 0.23812970406978634,
        "Rouge_geo": 0.2892042245530958
    },
    "summ_screen_fd": {
        "Rouge1": 0.2958325712389342,
        "Rouge2": 0.06533996987731863,
        "RougeL": 0.154292209314847,
        "Rouge_geo": 0.14394269799306786
    },
    "qmsum": {
        "Rouge1": 0.3335381829376803,
        "Rouge2": 0.09214997031470534,
        "RougeL": 0.21070482055749648,
        "Rouge_geo": 0.1863967818262584
    },
    "qasper": {
        "f1_score": 0.14691516044957104
    },
    "narrative_qa": {
        "f1_score": 0.1280718954248366
    },
    "quality": {
        "EM_score": 0.6190476190476191
    }
}