{
    "gov_report": {
        "Rouge1": 0.4384711992396494,
        "Rouge2": 0.12398642923499525,
        "RougeL": 0.20008349638749393,
        "Rouge_geo": 0.2215689149638181
    },
    "summ_screen_fd": {
        "Rouge1": 0.27987499476971467,
        "Rouge2": 0.03869304083611459,
        "RougeL": 0.15027236625509408,
        "Rouge_geo": 0.11762293944868546
    },
    "qmsum": {
        "Rouge1": 0.3298578102430859,
        "Rouge2": 0.07222036739683425,
        "RougeL": 0.20555449626535466,
        "Rouge_geo": 0.16981308372808337
    },
    "qasper": {
        "f1_score": 0.07219332285472481
    },
    "narrative_qa": {
        "f1_score": 0.13882783882783883
    },
    "quality": {
        "EM_score": 0.047619047619047616
    }
}