{
    "gov_report": {
        "Rouge1": 0.516959823204752,
        "Rouge2": 0.1956749994132727,
        "RougeL": 0.2335132806591662,
        "Rouge_geo": 0.28692468017964456
    },
    "summ_screen_fd": {
        "Rouge1": 0.3015389372965799,
        "Rouge2": 0.0596906956306482,
        "RougeL": 0.15552211377360883,
        "Rouge_geo": 0.14093344352198783
    },
    "qmsum": {
        "Rouge1": 0.3251616549593604,
        "Rouge2": 0.08206740488241301,
        "RougeL": 0.20129364384746692,
        "Rouge_geo": 0.17513247925553313
    },
    "qasper": {
        "f1_score": 0.1466679630109757
    },
    "narrative_qa": {
        "f1_score": 0.1960225406777131
    },
    "quality": {
        "EM_score": 0.3333333333333333
    }
}