{
    "gov_report": {
        "Rouge1": 0.45855366989389834,
        "Rouge2": 0.14423837286309085,
        "RougeL": 0.20793872243782818,
        "Rouge_geo": 0.23959005458696786
    },
    "summ_screen_fd": {
        "Rouge1": 0.17755690625998855,
        "Rouge2": 0.02931063391519098,
        "RougeL": 0.09898368895845043,
        "Rouge_geo": 0.08016327874935639
    },
    "qmsum": {
        "Rouge1": 0.16119929624970353,
        "Rouge2": 0.034910045156328826,
        "RougeL": 0.09625790162358476,
        "Rouge_geo": 0.08151733642737444
    },
    "qasper": {
        "f1_score": 0.05049827801490993
    },
    "narrative_qa": {
        "f1_score": 0.02763542908704199
    },
    "quality": {
        "EM_score": 0.0
    }
}