{
    "gov_report": {
        "Rouge1": 0.44320450205970535,
        "Rouge2": 0.17175235816230208,
        "RougeL": 0.21483820150047994,
        "Rouge_geo": 0.253827960358418
    },
    "summ_screen_fd": {
        "Rouge1": 0.18639963721581687,
        "Rouge2": 0.02778461374621217,
        "RougeL": 0.10546491824879937,
        "Rouge_geo": 0.0817433594701322
    },
    "qmsum": {
        "Rouge1": 0.3059413343597887,
        "Rouge2": 0.06955748466909288,
        "RougeL": 0.18686039934623372,
        "Rouge_geo": 0.15842842301544158
    },
    "qasper": {
        "f1_score": 0.07786485177548132
    },
    "narrative_qa": {
        "f1_score": 0.11951381147033321
    },
    "quality": {
        "EM_score": 0.047619047619047616
    }
}