{
    "gov_report": {
        "Rouge1": 0.5317305827871094,
        "Rouge2": 0.21083909676287624,
        "RougeL": 0.2510224437776476,
        "Rouge_geo": 0.30417144900804066
    },
    "summ_screen_fd": {
        "Rouge1": 0.2976793248558263,
        "Rouge2": 0.06040271177176563,
        "RougeL": 0.15635680870770327,
        "Rouge_geo": 0.14113691993203023
    },
    "qmsum": {
        "Rouge1": 0.3221580358633976,
        "Rouge2": 0.08626533920498392,
        "RougeL": 0.20712720213360686,
        "Rouge_geo": 0.1792176647148703
    },
    "qasper": {
        "f1_score": 0.19333568945225965
    },
    "narrative_qa": {
        "f1_score": 0.23702399050225137
    },
    "quality": {
        "EM_score": 0.3333333333333333
    }
}