{
    "gov_report": {
        "Rouge1": 0.5170817780874355,
        "Rouge2": 0.19995343404644533,
        "RougeL": 0.23663261165830854,
        "Rouge_geo": 0.2903048106311387
    },
    "summ_screen_fd": {
        "Rouge1": 0.3011999177128376,
        "Rouge2": 0.06335938650094726,
        "RougeL": 0.15845423148752244,
        "Rouge_geo": 0.14460718918701937
    },
    "qmsum": {
        "Rouge1": 0.32218989134495607,
        "Rouge2": 0.08361485452790833,
        "RougeL": 0.20736293299843025,
        "Rouge_geo": 0.17743617166559514
    },
    "qasper": {
        "f1_score": 0.20732535936387014
    },
    "narrative_qa": {
        "f1_score": 0.15912333864965444
    },
    "quality": {
        "EM_score": 0.6666666666666666
    }
}