{
    "gov_report": {
        "Rouge1": 0.5043605345587208,
        "Rouge2": 0.20302477245545716,
        "RougeL": 0.24121991715258764,
        "Rouge_geo": 0.29122887389318514
    },
    "summ_screen_fd": {
        "Rouge1": 0.29724613153017876,
        "Rouge2": 0.054361671940365744,
        "RougeL": 0.15353353182119783,
        "Rouge_geo": 0.13537467250422658
    },
    "qmsum": {
        "Rouge1": 0.28808820212291214,
        "Rouge2": 0.06766071850132552,
        "RougeL": 0.16984040396039563,
        "Rouge_geo": 0.14903937851427862
    },
    "qasper": {
        "f1_score": 0.10799246280041765
    },
    "narrative_qa": {
        "f1_score": 0.11579577690396958
    },
    "quality": {
        "EM_score": 0.0
    }
}