{
    "gov_report": {
        "Rouge1": 0.44805979444986715,
        "Rouge2": 0.1300891058666432,
        "RougeL": 0.19878431229552063,
        "Rouge_geo": 0.22628356064576835
    },
    "summ_screen_fd": {
        "Rouge1": 0.2834726906598174,
        "Rouge2": 0.04816800726351227,
        "RougeL": 0.15354560755257346,
        "Rouge_geo": 0.12798795529685278
    },
    "qmsum": {
        "Rouge1": 0.33923099701139764,
        "Rouge2": 0.08934022751553276,
        "RougeL": 0.21899047637996114,
        "Rouge_geo": 0.1879270387353712
    },
    "qasper": {
        "f1_score": 0.15874680244832548
    },
    "narrative_qa": {
        "f1_score": 0.15316239316239316
    },
    "quality": {
        "EM_score": 0.3333333333333333
    }
}