{
    "gov_report": {
        "Rouge1": 0.12007270508768611,
        "Rouge2": 0.03477309868975348,
        "RougeL": 0.07608722166220531,
        "Rouge_geo": 0.06823383872625645
    },
    "summ_screen_fd": {
        "Rouge1": 0.06783955620894104,
        "Rouge2": 0.004784156465294563,
        "RougeL": 0.051892772763046616,
        "Rouge_geo": 0.025632939741860636
    },
    "qmsum": {
        "Rouge1": 0.11255929752568047,
        "Rouge2": 0.020144206733358615,
        "RougeL": 0.08375906046945714,
        "Rouge_geo": 0.05748057629459704
    },
    "qasper": {
        "f1_score": 0.05369770256663417
    },
    "narrative_qa": {
        "f1_score": 0.0479679802955665
    },
    "quality": {
        "EM_score": 0.0
    }
}